{
  "model_type": "cnn_lstm",
  "results": [
    {
      "variant": "fp32",
      "accuracy": 0.9440108585001696,
      "inference_time_s": 2.3265135999999984,
      "weight_size_bytes": 491796,
      "per_class_accuracy": {
        "WALKING": 0.9992790194664743,
        "SITTING": 0.8268839103869654,
        "STANDING": 0.8515037593984962,
        "LAYING": 1.0,
        "TRANSITION": 0.0
      },
      "total_params": 122949
    },
    {
      "variant": "fp16",
      "accuracy": 0.9440108585001696,
      "inference_time_s": 2.2959846499996273,
      "weight_size_bytes": 245898,
      "per_class_accuracy": {
        "WALKING": 0.9992790194664743,
        "SITTING": 0.8268839103869654,
        "STANDING": 0.8515037593984962,
        "LAYING": 1.0,
        "TRANSITION": 0.0
      },
      "total_params": 122949
    },
    {
      "variant": "int16",
      "accuracy": 0.9440108585001696,
      "inference_time_s": 2.29936755000017,
      "weight_size_bytes": 245898,
      "per_class_accuracy": {
        "WALKING": 0.9992790194664743,
        "SITTING": 0.8268839103869654,
        "STANDING": 0.8515037593984962,
        "LAYING": 1.0,
        "TRANSITION": 0.0
      },
      "total_params": 122949
    },
    {
      "variant": "int8",
      "accuracy": 0.9433322022395657,
      "inference_time_s": 2.316553609999937,
      "weight_size_bytes": 122949,
      "per_class_accuracy": {
        "WALKING": 0.9992790194664743,
        "SITTING": 0.8289205702647657,
        "STANDING": 0.8458646616541353,
        "LAYING": 1.0,
        "TRANSITION": 0.0
      },
      "total_params": 122949
    }
  ]
}