{
  "accuracy": [
    0.5951368808746338,
    0.6291447281837463,
    0.6308450698852539,
    0.6291447281837463,
    0.6373065710067749,
    0.6330556273460388,
    0.6418976187705994,
    0.6332256197929382,
    0.6344159245491028,
    0.639517068862915,
    0.6323754191398621,
    0.6342458724975586,
    0.6408774256706238,
    0.634585976600647,
    0.6393470764160156,
    0.6330556273460388,
    0.6381567716598511,
    0.8042849898338318,
    0.8199285864830017,
    0.8206087350845337,
    0.8325114846229553,
    0.8335317373275757,
    0.8882843255996704,
    0.9404863119125366,
    0.9477980136871338,
    0.9510287642478943,
    0.9430369138717651,
    0.9450773596763611,
    0.9505186080932617,
    0.9477980136871338
  ],
  "loss": [
    0.7580404281616211,
    0.6474558115005493,
    0.6287502646446228,
    0.621660590171814,
    0.618269145488739,
    0.6162512302398682,
    0.6156238913536072,
    0.615196168422699,
    0.6163397431373596,
    0.6141229271888733,
    0.6130272746086121,
    0.6133632659912109,
    0.6141247153282166,
    0.6121493577957153,
    0.6138526201248169,
    0.6100609302520752,
    0.6170430779457092,
    0.4164123833179474,
    0.3081232011318207,
    0.2799054682254791,
    0.2578250467777252,
    0.25654974579811096,
    0.2134709656238556,
    0.17394806444644928,
    0.16201287508010864,
    0.14506825804710388,
    0.12671838700771332,
    0.11632434278726578,
    0.11458253860473633,
    0.12421383708715439
  ],
  "val_accuracy": [
    0.6369816660881042,
    0.6363018155097961,
    0.6403806805610657,
    0.6397008895874023,
    0.6478586196899414,
    0.6397008895874023,
    0.6233854293823242,
    0.6247450709342957,
    0.6193066239356995,
    0.625424861907959,
    0.6322229504585266,
    0.6220258474349976,
    0.6261047124862671,
    0.6220258474349976,
    0.6322229504585266,
    0.6349422335624695,
    0.751189649105072,
    0.8239293098449707,
    0.8307273983955383,
    0.8327668309211731,
    0.8463630080223083,
    0.8545207381248474,
    0.9544527530670166,
    0.955812394618988,
    0.9605710506439209,
    0.9578518271446228,
    0.9544527530670166,
    0.9551325440406799,
    0.9598912596702576,
    0.9585316181182861
  ],
  "val_loss": [
    0.6359494924545288,
    0.6204425096511841,
    0.6136452555656433,
    0.613391101360321,
    0.6125648617744446,
    0.6123652458190918,
    0.6122196912765503,
    0.613679051399231,
    0.6187592148780823,
    0.6117639541625977,
    0.6122999787330627,
    0.6196959018707275,
    0.6109522581100464,
    0.611535370349884,
    0.6114861965179443,
    0.6120029091835022,
    0.6422877907752991,
    0.32384824752807617,
    0.2849777340888977,
    0.2741621136665344,
    0.25315019488334656,
    0.2575903832912445,
    0.13330835103988647,
    0.13892096281051636,
    0.12963511049747467,
    0.11778528988361359,
    0.11184246093034744,
    0.11192986369132996,
    0.10450663417577744,
    0.11087173968553543
  ]
}