{
  "accuracy": [
    0.5961571335792542,
    0.6313552260398865,
    0.6279544234275818,
    0.6335657238960266,
    0.6325454711914062,
    0.6315252780914307,
    0.6349260210990906,
    0.6335657238960266,
    0.6323754191398621,
    0.6333956718444824,
    0.6316952705383301,
    0.6318653225898743,
    0.6277843713760376,
    0.6359462738037109,
    0.6364563703536987,
    0.633905827999115,
    0.6408774256706238,
    0.6374766230583191,
    0.6356061697006226,
    0.640197217464447,
    0.6381567716598511,
    0.640197217464447,
    0.6424077749252319,
    0.6400272250175476,
    0.6424077749252319,
    0.660261869430542,
    0.8047950863838196,
    0.8131270408630371,
    0.8185682892799377,
    0.8202686905860901
  ],
  "loss": [
    0.750882089138031,
    0.6409944891929626,
    0.6262304782867432,
    0.6222283244132996,
    0.6192682385444641,
    0.6186719536781311,
    0.6163797974586487,
    0.616064190864563,
    0.6124765276908875,
    0.6121973991394043,
    0.6132848262786865,
    0.6156008839607239,
    0.6137841939926147,
    0.611443281173706,
    0.6097657680511475,
    0.6115351915359497,
    0.6094993948936462,
    0.6101066470146179,
    0.6124357581138611,
    0.6112769842147827,
    0.6127656698226929,
    0.6124624609947205,
    0.6081699728965759,
    0.60671466588974,
    0.6059285402297974,
    0.5978343486785889,
    0.3609394431114197,
    0.2908150851726532,
    0.2805406451225281,
    0.2664467990398407
  ],
  "val_accuracy": [
    0.6383412480354309,
    0.6369816660881042,
    0.6383412480354309,
    0.625424861907959,
    0.6247450709342957,
    0.6247450709342957,
    0.6261047124862671,
    0.6233854293823242,
    0.6349422335624695,
    0.6403806805610657,
    0.6206662058830261,
    0.6220258474349976,
    0.639021098613739,
    0.6247450709342957,
    0.6213459968566895,
    0.6206662058830261,
    0.6349422335624695,
    0.6397008895874023,
    0.6295037269592285,
    0.6329028010368347,
    0.6308633685112,
    0.6471787691116333,
    0.6369816660881042,
    0.6369816660881042,
    0.6397008895874023,
    0.8171312212944031,
    0.8225696682929993,
    0.8198504447937012,
    0.8157715797424316,
    0.8157715797424316
  ],
  "val_loss": [
    0.629865825176239,
    0.6348075866699219,
    0.6147945523262024,
    0.6150509119033813,
    0.6142163276672363,
    0.6145097613334656,
    0.6135062575340271,
    0.6121597290039062,
    0.6124517917633057,
    0.6118672490119934,
    0.6158820986747742,
    0.6110173463821411,
    0.6107718348503113,
    0.6111015677452087,
    0.6117521524429321,
    0.6134751439094543,
    0.6123372316360474,
    0.6089269518852234,
    0.6110984086990356,
    0.6408313512802124,
    0.6145905256271362,
    0.6130700707435608,
    0.6127857565879822,
    0.6129451990127563,
    0.6143466234207153,
    0.5277926325798035,
    0.29735055565834045,
    0.2903172969818115,
    0.2698271870613098,
    0.2674485146999359
  ]
}