{
  "accuracy": [
    0.49821460247039795,
    0.8671994805335999,
    0.9260329604148865,
    0.9294337630271912,
    0.9316442608833313,
    0.933684766292572,
    0.9340248107910156,
    0.9369155168533325,
    0.9387859106063843,
    0.9403162598609924,
    0.9425267577171326,
    0.9445672631263733,
    0.9460976123809814,
    0.9483081102371216,
    0.9494983553886414,
    0.9505186080932617,
    0.9506886601448059,
    0.9508587121963501,
    0.9525591135025024,
    0.9517089128494263,
    0.9527291059494019,
    0.9527291059494019,
    0.953579306602478,
    0.9547696113586426,
    0.9532392621040344,
    0.9552797079086304,
    0.9545995593070984,
    0.9569801092147827,
    0.9564700126647949,
    0.9559598565101624
  ],
  "loss": [
    1.0079598426818848,
    0.49045825004577637,
    0.22551099956035614,
    0.18168801069259644,
    0.1657666563987732,
    0.156186044216156,
    0.14877186715602875,
    0.14393964409828186,
    0.13752645254135132,
    0.1330195516347885,
    0.12946432828903198,
    0.1244073361158371,
    0.12099211663007736,
    0.11925646662712097,
    0.11657031625509262,
    0.11470180004835129,
    0.1132454052567482,
    0.11237707734107971,
    0.11037083715200424,
    0.10878223925828934,
    0.10792602598667145,
    0.10816647857427597,
    0.10585353523492813,
    0.10584703832864761,
    0.10540111362934113,
    0.10357724875211716,
    0.102054163813591,
    0.10166561603546143,
    0.10129364579916,
    0.10004298388957977
  ],
  "val_accuracy": [
    0.7552685141563416,
    0.9333786368370056,
    0.9381372928619385,
    0.9408565759658813,
    0.942216157913208,
    0.9435757994651794,
    0.9435757994651794,
    0.9442555904388428,
    0.9435757994651794,
    0.9462950229644775,
    0.9483344554901123,
    0.9524133205413818,
    0.9551325440406799,
    0.9564921855926514,
    0.9564921855926514,
    0.9578518271446228,
    0.9585316181182861,
    0.9585316181182861,
    0.9605710506439209,
    0.9612508416175842,
    0.9612508416175842,
    0.9619306325912476,
    0.9619306325912476,
    0.9626104831695557,
    0.9626104831695557,
    0.9626104831695557,
    0.9626104831695557,
    0.9626104831695557,
    0.9626104831695557,
    0.9639700651168823
  ],
  "val_loss": [
    0.7352111339569092,
    0.2769932746887207,
    0.17699934542179108,
    0.15575818717479706,
    0.144514262676239,
    0.1368226259946823,
    0.13087071478366852,
    0.12563468515872955,
    0.12079566717147827,
    0.11656241863965988,
    0.11322356760501862,
    0.10987156629562378,
    0.10714877396821976,
    0.1048753410577774,
    0.10319148004055023,
    0.10111930966377258,
    0.09968817979097366,
    0.09873364865779877,
    0.09745175391435623,
    0.096352718770504,
    0.0953514501452446,
    0.09460832923650742,
    0.09328623116016388,
    0.09275941550731659,
    0.09209377318620682,
    0.09123798459768295,
    0.09064091742038727,
    0.09008106589317322,
    0.08935806900262833,
    0.08907726407051086
  ]
}