{
  "model_type": "wclstm",
  "results": [
    {
      "variant": "fp32",
      "accuracy": 0.9450288428910757,
      "inference_time_s": 2.532777300000089,
      "weight_size_bytes": 491796,
      "per_class_accuracy": {
        "WALKING": 1.0,
        "SITTING": 0.8778004073319755,
        "STANDING": 0.8101503759398496,
        "LAYING": 0.9981378026070763,
        "TRANSITION": 0.0
      },
      "total_params": 122949
    },
    {
      "variant": "fp16",
      "accuracy": 0.9450288428910757,
      "inference_time_s": 2.4981644499999676,
      "weight_size_bytes": 245898,
      "per_class_accuracy": {
        "WALKING": 1.0,
        "SITTING": 0.8778004073319755,
        "STANDING": 0.8101503759398496,
        "LAYING": 0.9981378026070763,
        "TRANSITION": 0.0
      },
      "total_params": 122949
    },
    {
      "variant": "int16",
      "accuracy": 0.9450288428910757,
      "inference_time_s": 2.6117351199996848,
      "weight_size_bytes": 245898,
      "per_class_accuracy": {
        "WALKING": 1.0,
        "SITTING": 0.8778004073319755,
        "STANDING": 0.8101503759398496,
        "LAYING": 0.9981378026070763,
        "TRANSITION": 0.0
      },
      "total_params": 122949
    },
    {
      "variant": "int8",
      "accuracy": 0.9450288428910757,
      "inference_time_s": 2.663311240000257,
      "weight_size_bytes": 122949,
      "per_class_accuracy": {
        "WALKING": 1.0,
        "SITTING": 0.8778004073319755,
        "STANDING": 0.8101503759398496,
        "LAYING": 0.9981378026070763,
        "TRANSITION": 0.0
      },
      "total_params": 122949
    }
  ]
}