{
  "accuracy": [
    0.8581873774528503,
    0.942866861820221,
    0.9501785635948181,
    0.9525591135025024,
    0.9518789052963257,
    0.9532392621040344,
    0.953579306602478,
    0.9539194107055664,
    0.9532392621040344,
    0.9483081102371216,
    0.9493283629417419,
    0.9454174637794495,
    0.94864821434021,
    0.9537493586540222,
    0.9549396634101868,
    0.9551096558570862,
    0.9552797079086304,
    0.9562999606132507,
    0.9532392621040344,
    0.9539194107055664,
    0.9578303098678589,
    0.9571501612663269,
    0.9569801092147827,
    0.9559598565101624,
    0.9571501612663269,
    0.959360659122467,
    0.962081253528595,
    0.959360659122467,
    0.9573202133178711,
    0.9631015062332153
  ],
  "loss": [
    0.3450978100299835,
    0.14030411839485168,
    0.1206371858716011,
    0.11148693412542343,
    0.10920120030641556,
    0.1039486825466156,
    0.10633312910795212,
    0.10206294804811478,
    0.10043150931596756,
    0.11376693844795227,
    0.1187930554151535,
    0.11784263700246811,
    0.10945306718349457,
    0.1038968563079834,
    0.09936163574457169,
    0.09521529078483582,
    0.09461640566587448,
    0.09017189592123032,
    0.0993199571967125,
    0.0932290181517601,
    0.09563770145177841,
    0.0918000265955925,
    0.08544594794511795,
    0.09749892354011536,
    0.09337777644395828,
    0.08697676658630371,
    0.08287592977285385,
    0.09680116921663284,
    0.08727549016475677,
    0.08207812160253525
  ],
  "val_accuracy": [
    0.9639700651168823,
    0.9564921855926514,
    0.9653297066688538,
    0.9646499156951904,
    0.9626104831695557,
    0.9680489301681519,
    0.9680489301681519,
    0.9585316181182861,
    0.9639700651168823,
    0.9462950229644775,
    0.9578518271446228,
    0.9490142464637756,
    0.9626104831695557,
    0.9619306325912476,
    0.9694085717201233,
    0.9653297066688538,
    0.9626104831695557,
    0.9666893482208252,
    0.9673691391944885,
    0.9660094976425171,
    0.9673691391944885,
    0.9666893482208252,
    0.9653297066688538,
    0.96872878074646,
    0.9619306325912476,
    0.9619306325912476,
    0.9673691391944885,
    0.9619306325912476,
    0.9660094976425171,
    0.9666893482208252
  ],
  "val_loss": [
    0.10501669347286224,
    0.11795898526906967,
    0.09331092983484268,
    0.09280140697956085,
    0.09427345544099808,
    0.0843849703669548,
    0.09067559987306595,
    0.09226895123720169,
    0.08680185675621033,
    0.12064720690250397,
    0.09200243651866913,
    0.1008342057466507,
    0.09000389277935028,
    0.092159703373909,
    0.08427093923091888,
    0.08515048772096634,
    0.0885399878025055,
    0.07979658246040344,
    0.08064024150371552,
    0.08256994187831879,
    0.08220359683036804,
    0.07860402017831802,
    0.07660103589296341,
    0.07642029970884323,
    0.1002541035413742,
    0.08449191600084305,
    0.08651352673768997,
    0.08444012701511383,
    0.08095713704824448,
    0.07402051985263824
  ]
}