{
  "accuracy": [
    0.8598877787590027,
    0.9418466091156006,
    0.9477980136871338,
    0.9523890614509583,
    0.9544295072555542,
    0.9523890614509583,
    0.9510287642478943,
    0.9517089128494263,
    0.9557898044586182,
    0.9574902057647705,
    0.9549396634101868,
    0.9561299085617065,
    0.9562999606132507,
    0.9423567652702332,
    0.9515388607978821,
    0.9268831610679626,
    0.9537493586540222,
    0.9539194107055664,
    0.9549396634101868,
    0.9574902057647705,
    0.9549396634101868,
    0.9603809118270874,
    0.959360659122467,
    0.9617412090301514,
    0.9622513055801392,
    0.9547696113586426,
    0.9561299085617065,
    0.9590205550193787,
    0.962081253528595,
    0.9588505625724792
  ],
  "loss": [
    0.3394853174686432,
    0.142857626080513,
    0.12158715724945068,
    0.11268886178731918,
    0.10495574027299881,
    0.10979080945253372,
    0.10459428280591965,
    0.10418358445167542,
    0.10140467435121536,
    0.10013245791196823,
    0.09781783819198608,
    0.09791070967912674,
    0.10102004557847977,
    0.12440773844718933,
    0.1052212342619896,
    0.15906281769275665,
    0.10379288345575333,
    0.0980248972773552,
    0.09675250202417374,
    0.09315493702888489,
    0.09565593302249908,
    0.0919533520936966,
    0.09234695881605148,
    0.08572379499673843,
    0.08267953246831894,
    0.100702203810215,
    0.09589134901762009,
    0.08518914878368378,
    0.07609744369983673,
    0.09273940324783325
  ],
  "val_accuracy": [
    0.942216157913208,
    0.9626104831695557,
    0.963290274143219,
    0.9619306325912476,
    0.96872878074646,
    0.9564921855926514,
    0.9639700651168823,
    0.9666893482208252,
    0.9612508416175842,
    0.9707682132720947,
    0.963290274143219,
    0.963290274143219,
    0.9367777109146118,
    0.9619306325912476,
    0.9435757994651794,
    0.9680489301681519,
    0.963290274143219,
    0.9612508416175842,
    0.963290274143219,
    0.9660094976425171,
    0.9653297066688538,
    0.9660094976425171,
    0.9673691391944885,
    0.96872878074646,
    0.9666893482208252,
    0.963290274143219,
    0.9612508416175842,
    0.9680489301681519,
    0.96872878074646,
    0.9660094976425171
  ],
  "val_loss": [
    0.1378941833972931,
    0.09985537081956863,
    0.09533407539129257,
    0.09181959182024002,
    0.0865006148815155,
    0.09782557934522629,
    0.08639702945947647,
    0.08625983446836472,
    0.0973382517695427,
    0.08244693279266357,
    0.0902094766497612,
    0.08346523344516754,
    0.14728394150733948,
    0.09564685076475143,
    0.10882753878831863,
    0.11183417588472366,
    0.08893591910600662,
    0.08511460572481155,
    0.08569372445344925,
    0.08466871827840805,
    0.08190936595201492,
    0.08073215186595917,
    0.07864043116569519,
    0.07527297735214233,
    0.0763494223356247,
    0.08092957735061646,
    0.09235256910324097,
    0.07054759562015533,
    0.06767518818378448,
    0.07897420972585678
  ]
}