{
  "accuracy": [
    0.4937935769557953,
    0.811596691608429,
    0.8491753339767456,
    0.9056283235549927,
    0.9229722619056702,
    0.9347049593925476,
    0.9394660592079163,
    0.940826416015625,
    0.940826416015625,
    0.9396361112594604,
    0.9406563639640808,
    0.940826416015625,
    0.9416765570640564,
    0.9425267577171326,
    0.9435470104217529,
    0.9450773596763611,
    0.9474579095840454,
    0.9476279616355896,
    0.9491583108901978,
    0.9498384594917297,
    0.9503485560417175,
    0.9505186080932617,
    0.9506886601448059,
    0.9508587121963501,
    0.9510287642478943,
    0.9511987566947937,
    0.9517089128494263,
    0.9518789052963257,
    0.9523890614509583,
    0.9523890614509583
  ],
  "loss": [
    1.3239169120788574,
    0.6595717668533325,
    0.3957761526107788,
    0.27862945199012756,
    0.2272643744945526,
    0.1970822662115097,
    0.17676864564418793,
    0.16203197836875916,
    0.15101385116577148,
    0.14262765645980835,
    0.13618624210357666,
    0.13129563629627228,
    0.12757845222949982,
    0.12474136799573898,
    0.12255798280239105,
    0.12086564302444458,
    0.11950380355119705,
    0.11840451508760452,
    0.11745398491621017,
    0.1165694147348404,
    0.11585063487291336,
    0.11519180983304977,
    0.11457835137844086,
    0.11406602710485458,
    0.11358270794153214,
    0.11318337172269821,
    0.1127769723534584,
    0.1124255508184433,
    0.11208560317754745,
    0.11175548285245895
  ],
  "val_accuracy": [
    0.7307953834533691,
    0.8212100863456726,
    0.8946294784545898,
    0.9292997717857361,
    0.9388171434402466,
    0.9428960084915161,
    0.9456152319908142,
    0.9469748735427856,
    0.9435757994651794,
    0.9449354410171509,
    0.9435757994651794,
    0.9442555904388428,
    0.9456152319908142,
    0.9490142464637756,
    0.9490142464637756,
    0.9496940970420837,
    0.9503738880157471,
    0.9530931115150452,
    0.9530931115150452,
    0.9530931115150452,
    0.9530931115150452,
    0.9537729620933533,
    0.9537729620933533,
    0.9537729620933533,
    0.9537729620933533,
    0.9537729620933533,
    0.9537729620933533,
    0.9537729620933533,
    0.9544527530670166,
    0.9544527530670166
  ],
  "val_loss": [
    0.8537242412567139,
    0.48756736516952515,
    0.3091939687728882,
    0.23734863102436066,
    0.20045165717601776,
    0.17665740847587585,
    0.1597539633512497,
    0.14726415276527405,
    0.13781456649303436,
    0.130621999502182,
    0.12515154480934143,
    0.12102052569389343,
    0.11792724579572678,
    0.11560732871294022,
    0.11383653432130814,
    0.11243739724159241,
    0.11134780943393707,
    0.1104869544506073,
    0.10977527499198914,
    0.10902711004018784,
    0.10835403949022293,
    0.10769631713628769,
    0.10728642344474792,
    0.1069490984082222,
    0.10661754757165909,
    0.10634378343820572,
    0.10605496168136597,
    0.10577797144651413,
    0.10550744831562042,
    0.1052558422088623
  ]
}