{
  "accuracy": [
    0.7107634544372559,
    0.8918551206588745,
    0.909369170665741,
    0.9204217195510864,
    0.9253528118133545,
    0.9284135103225708,
    0.9340248107910156,
    0.9365754127502441,
    0.9403162598609924,
    0.9411664605140686,
    0.9409964084625244,
    0.9411664605140686,
    0.9401462078094482,
    0.9409964084625244,
    0.941506564617157,
    0.9416765570640564,
    0.9437170624732971,
    0.9449073076248169,
    0.9459275603294373,
    0.9474579095840454,
    0.9483081102371216,
    0.9484781622886658,
    0.9489882588386536,
    0.9494983553886414,
    0.9501785635948181,
    0.9505186080932617,
    0.9506886601448059,
    0.9508587121963501,
    0.9510287642478943,
    0.9513688087463379
  ],
  "loss": [
    1.0422781705856323,
    0.5083009004592896,
    0.3509756326675415,
    0.2854377329349518,
    0.2478611171245575,
    0.22054539620876312,
    0.19925254583358765,
    0.18223607540130615,
    0.16886039078235626,
    0.15840111672878265,
    0.1500646322965622,
    0.14350320398807526,
    0.13829107582569122,
    0.13407930731773376,
    0.13062390685081482,
    0.12780797481536865,
    0.12544706463813782,
    0.12351095676422119,
    0.1219010129570961,
    0.12050729244947433,
    0.1193484291434288,
    0.11836908012628555,
    0.11754367500543594,
    0.11683042347431183,
    0.11622076481580734,
    0.11568187922239304,
    0.11522195488214493,
    0.1148008480668068,
    0.11443497985601425,
    0.11408696323633194
  ],
  "val_accuracy": [
    0.8524813055992126,
    0.898028552532196,
    0.9150238037109375,
    0.9292997717857361,
    0.9326988458633423,
    0.9367777109146118,
    0.9394969344139099,
    0.9401767253875732,
    0.9462950229644775,
    0.9456152319908142,
    0.9442555904388428,
    0.9449354410171509,
    0.9449354410171509,
    0.9462950229644775,
    0.9483344554901123,
    0.9483344554901123,
    0.947654664516449,
    0.947654664516449,
    0.9510536789894104,
    0.9510536789894104,
    0.9510536789894104,
    0.9510536789894104,
    0.9524133205413818,
    0.9530931115150452,
    0.9551325440406799,
    0.9551325440406799,
    0.9551325440406799,
    0.9551325440406799,
    0.9544527530670166,
    0.9544527530670166
  ],
  "val_loss": [
    0.6519961953163147,
    0.39520108699798584,
    0.302485853433609,
    0.25626397132873535,
    0.22527684271335602,
    0.20160619914531708,
    0.1826562136411667,
    0.16767802834510803,
    0.15597370266914368,
    0.1467178612947464,
    0.1394035667181015,
    0.1336207240819931,
    0.12895125150680542,
    0.12516632676124573,
    0.1221131980419159,
    0.1195996105670929,
    0.11757191270589828,
    0.11588399857282639,
    0.11448676884174347,
    0.11319118738174438,
    0.11213062703609467,
    0.11126498132944107,
    0.1105572059750557,
    0.10995734483003616,
    0.1094471886754036,
    0.10900407284498215,
    0.10860224068164825,
    0.10825587064027786,
    0.10795794427394867,
    0.1076633408665657
  ]
}