{
  "accuracy": [
    0.6097602248191833,
    0.7852405905723572,
    0.8826730251312256,
    0.9080088138580322,
    0.9156606197357178,
    0.922122061252594,
    0.9289236664772034,
    0.9362353086471558,
    0.9392960667610168,
    0.9401462078094482,
    0.9420166611671448,
    0.941506564617157,
    0.9411664605140686,
    0.941506564617157,
    0.9413365125656128,
    0.9423567652702332,
    0.9426968097686768,
    0.9440571069717407,
    0.9450773596763611,
    0.946437656879425,
    0.9474579095840454,
    0.9479680061340332,
    0.9489882588386536,
    0.9493283629417419,
    0.9494983553886414,
    0.9494983553886414,
    0.9500085115432739,
    0.9506886601448059,
    0.9506886601448059,
    0.9506886601448059
  ],
  "loss": [
    1.1665759086608887,
    0.5774152278900146,
    0.3944700062274933,
    0.3177209496498108,
    0.27521997690200806,
    0.24559052288532257,
    0.2218441665172577,
    0.20236726105213165,
    0.1861497163772583,
    0.17255376279354095,
    0.16116337478160858,
    0.1519017368555069,
    0.14452172815799713,
    0.13868889212608337,
    0.13410720229148865,
    0.13047154247760773,
    0.12763991951942444,
    0.12532909214496613,
    0.12345985323190689,
    0.1219940036535263,
    0.12078654021024704,
    0.11976787447929382,
    0.11888281255960464,
    0.1181698814034462,
    0.11751943826675415,
    0.11695493012666702,
    0.11645223200321198,
    0.11600210517644882,
    0.11557448655366898,
    0.11521615087985992
  ],
  "val_accuracy": [
    0.7620666027069092,
    0.861318826675415,
    0.910944938659668,
    0.9163833856582642,
    0.9225016832351685,
    0.9313392043113708,
    0.9360979199409485,
    0.9415363669395447,
    0.9442555904388428,
    0.947654664516449,
    0.9456152319908142,
    0.9462950229644775,
    0.9456152319908142,
    0.9449354410171509,
    0.9469748735427856,
    0.947654664516449,
    0.9469748735427856,
    0.9469748735427856,
    0.947654664516449,
    0.9496940970420837,
    0.9496940970420837,
    0.9510536789894104,
    0.9524133205413818,
    0.9530931115150452,
    0.9530931115150452,
    0.9544527530670166,
    0.9551325440406799,
    0.955812394618988,
    0.9564921855926514,
    0.9564921855926514
  ],
  "val_loss": [
    0.7435056567192078,
    0.4467793405056,
    0.3381342887878418,
    0.28515729308128357,
    0.25164374709129333,
    0.22593997418880463,
    0.20453742146492004,
    0.18666672706604004,
    0.1715758591890335,
    0.15888668596744537,
    0.14844514429569244,
    0.1401134729385376,
    0.13350443542003632,
    0.1282850205898285,
    0.12424995750188828,
    0.12106306850910187,
    0.11858762800693512,
    0.11651753634214401,
    0.11493846029043198,
    0.11366134136915207,
    0.11266140639781952,
    0.11184649914503098,
    0.11116752028465271,
    0.11063767969608307,
    0.11018096655607224,
    0.10979964584112167,
    0.10947555303573608,
    0.1091737449169159,
    0.10888851433992386,
    0.10868869721889496
  ]
}