{
  "accuracy": [
    0.6140112280845642,
    0.8075157403945923,
    0.8439040780067444,
    0.8677095770835876,
    0.8838632702827454,
    0.8981465697288513,
    0.9117497205734253,
    0.9175310134887695,
    0.9233123660087585,
    0.9273933172225952,
    0.9277333617210388,
    0.9301139116287231,
    0.9340248107910156,
    0.9335147142410278,
    0.9341948628425598,
    0.9353851675987244,
    0.9348750114440918,
    0.9391260147094727,
    0.941506564617157,
    0.9409964084625244,
    0.9364053606987,
    0.9392960667610168,
    0.9372555613517761,
    0.9433769583702087,
    0.9416765570640564,
    0.9379357099533081,
    0.9413365125656128,
    0.9433769583702087,
    0.942866861820221,
    0.9432069659233093
  ],
  "loss": [
    0.9445053935050964,
    0.44535720348358154,
    0.3478662371635437,
    0.30003872513771057,
    0.2623516917228699,
    0.23683509230613708,
    0.21312567591667175,
    0.19742968678474426,
    0.19305486977100372,
    0.1798648089170456,
    0.17613978683948517,
    0.17218370735645294,
    0.1645495742559433,
    0.1666416972875595,
    0.16269451379776,
    0.15534989535808563,
    0.16176733374595642,
    0.15750642120838165,
    0.1514718383550644,
    0.1521412432193756,
    0.15116387605667114,
    0.1480702906847,
    0.14977644383907318,
    0.148717001080513,
    0.14407987892627716,
    0.14766176044940948,
    0.14551770687103271,
    0.13951346278190613,
    0.14104846119880676,
    0.1382608413696289
  ],
  "val_accuracy": [
    0.8891910314559937,
    0.9116247296333313,
    0.9401767253875732,
    0.9428960084915161,
    0.9435757994651794,
    0.9483344554901123,
    0.9469748735427856,
    0.9490142464637756,
    0.9564921855926514,
    0.9517335295677185,
    0.9585316181182861,
    0.9619306325912476,
    0.9578518271446228,
    0.9551325440406799,
    0.9598912596702576,
    0.9605710506439209,
    0.9605710506439209,
    0.9592114090919495,
    0.9646499156951904,
    0.9605710506439209,
    0.9673691391944885,
    0.9564921855926514,
    0.963290274143219,
    0.9605710506439209,
    0.9639700651168823,
    0.9619306325912476,
    0.9564921855926514,
    0.9619306325912476,
    0.9626104831695557,
    0.9626104831695557
  ],
  "val_loss": [
    0.3357100486755371,
    0.2406025528907776,
    0.20741860568523407,
    0.1729588657617569,
    0.15129324793815613,
    0.13659638166427612,
    0.12433133274316788,
    0.11871477961540222,
    0.11058560758829117,
    0.11094826459884644,
    0.10867031663656235,
    0.10443409532308578,
    0.10595063865184784,
    0.10740440338850021,
    0.10376004874706268,
    0.10432378202676773,
    0.10271254926919937,
    0.10280243307352066,
    0.10035877674818039,
    0.10129490494728088,
    0.10031524300575256,
    0.1015702486038208,
    0.09877844899892807,
    0.099216528236866,
    0.09811211377382278,
    0.09769827127456665,
    0.10128630697727203,
    0.09829695522785187,
    0.09720486402511597,
    0.09680517762899399
  ]
}