{
  "accuracy": [
    0.686617910861969,
    0.8736609220504761,
    0.8993368744850159,
    0.9141302704811096,
    0.9273933172225952,
    0.9301139116287231,
    0.9358952641487122,
    0.9398061633110046,
    0.9394660592079163,
    0.940826416015625,
    0.940826416015625,
    0.9443972110748291,
    0.9466077089309692,
    0.9466077089309692,
    0.9450773596763611,
    0.9442271590232849,
    0.9445672631263733,
    0.9472878575325012,
    0.9501785635948181,
    0.9513688087463379,
    0.9510287642478943,
    0.9501785635948181,
    0.9515388607978821,
    0.9488182067871094,
    0.952899158000946,
    0.9515388607978821,
    0.9501785635948181,
    0.9508587121963501,
    0.9500085115432739,
    0.94864821434021
  ],
  "loss": [
    0.8982257843017578,
    0.32358866930007935,
    0.24156716465950012,
    0.2049844115972519,
    0.1810484081506729,
    0.16535837948322296,
    0.15642337501049042,
    0.14874622225761414,
    0.14630474150180817,
    0.14248323440551758,
    0.14110608398914337,
    0.1371404379606247,
    0.1330237239599228,
    0.13448204100131989,
    0.1318192332983017,
    0.12937864661216736,
    0.13019217550754547,
    0.12665221095085144,
    0.12477279454469681,
    0.12056481838226318,
    0.1206228956580162,
    0.11913944035768509,
    0.11864390969276428,
    0.12043824046850204,
    0.11848597973585129,
    0.11743666231632233,
    0.11961543560028076,
    0.11843732744455338,
    0.11670789867639542,
    0.1193014457821846
  ],
  "val_accuracy": [
    0.9197824597358704,
    0.9394969344139099,
    0.9456152319908142,
    0.9456152319908142,
    0.9483344554901123,
    0.9483344554901123,
    0.9517335295677185,
    0.9571719765663147,
    0.9571719765663147,
    0.9578518271446228,
    0.9571719765663147,
    0.9585316181182861,
    0.9571719765663147,
    0.9605710506439209,
    0.9598912596702576,
    0.9605710506439209,
    0.963290274143219,
    0.9578518271446228,
    0.9598912596702576,
    0.9619306325912476,
    0.9598912596702576,
    0.9605710506439209,
    0.9626104831695557,
    0.9598912596702576,
    0.9612508416175842,
    0.963290274143219,
    0.9626104831695557,
    0.9626104831695557,
    0.9612508416175842,
    0.9646499156951904
  ],
  "val_loss": [
    0.29682615399360657,
    0.18712115287780762,
    0.15080955624580383,
    0.13255932927131653,
    0.12174879014492035,
    0.11445022374391556,
    0.11058944463729858,
    0.10656005889177322,
    0.10589928179979324,
    0.1042172908782959,
    0.10370082408189774,
    0.10288987308740616,
    0.1020553782582283,
    0.10094593465328217,
    0.10040512681007385,
    0.09947039932012558,
    0.09857642650604248,
    0.09885568916797638,
    0.09858045727014542,
    0.09647201001644135,
    0.09613889455795288,
    0.09597796946763992,
    0.09599854797124863,
    0.09639471024274826,
    0.09536539763212204,
    0.09488088637590408,
    0.09447046369314194,
    0.09534090757369995,
    0.09493647515773773,
    0.09441006183624268
  ]
}