{
  "model_type": "1dcnn",
  "results": [
    {
      "variant": "fp32",
      "accuracy": 0.9277231082456736,
      "inference_time_s": 0.1579512500002238,
      "weight_size_bytes": 1220,
      "per_class_accuracy": {
        "WALKING": 1.0,
        "SITTING": 0.7515274949083504,
        "STANDING": 0.8796992481203008,
        "LAYING": 0.9497206703910615,
        "TRANSITION": 0.0
      },
      "total_params": 305
    },
    {
      "variant": "fp16",
      "accuracy": 0.9277231082456736,
      "inference_time_s": 0.1609216299999389,
      "weight_size_bytes": 610,
      "per_class_accuracy": {
        "WALKING": 1.0,
        "SITTING": 0.7515274949083504,
        "STANDING": 0.8796992481203008,
        "LAYING": 0.9497206703910615,
        "TRANSITION": 0.0
      },
      "total_params": 305
    },
    {
      "variant": "int16",
      "accuracy": 0.9277231082456736,
      "inference_time_s": 0.15546809000006762,
      "weight_size_bytes": 610,
      "per_class_accuracy": {
        "WALKING": 1.0,
        "SITTING": 0.7515274949083504,
        "STANDING": 0.8796992481203008,
        "LAYING": 0.9497206703910615,
        "TRANSITION": 0.0
      },
      "total_params": 305
    },
    {
      "variant": "int8",
      "accuracy": 0.9277231082456736,
      "inference_time_s": 0.1625042299998313,
      "weight_size_bytes": 305,
      "per_class_accuracy": {
        "WALKING": 1.0,
        "SITTING": 0.745417515274949,
        "STANDING": 0.8853383458646616,
        "LAYING": 0.9497206703910615,
        "TRANSITION": 0.0
      },
      "total_params": 305
    }
  ]
}