{
  "mean": [
    0.27448812496352015,
    -0.017695427357794058,
    -0.10914102015124048,
    -0.605438451136836,
    -0.5109375609608324,
    -0.6047536905018527,
    0.6641218886599564,
    0.011006040460061478,
    0.09392027353485079,
    -0.9645225775477422,
    -0.9536837188014282,
    -0.936928889663357,
    -0.5438841146630848,
    -0.588883817159513,
    -0.5438841146630848,
    -0.588883817159513,
    -0.6504525074633813,
    -0.6326756315049429,
    -0.7603187707140098
  ],
  "std": [
    0.07025655412139843,
    0.040807749007947695,
    0.05663133626794074,
    0.44870386558738856,
    0.5026104693655522,
    0.41865823514386086,
    0.5167279904638191,
    0.37221189212031675,
    0.34776882719851143,
    0.0779940015204263,
    0.09145891981118748,
    0.10719342756700816,
    0.47762062451296583,
    0.43744184183080487,
    0.47762062451296583,
    0.43744184183080487,
    0.39560893378622497,
    0.41880475931125855,
    0.2850088399147653
  ]
}